<?xml version="1.0" encoding="UTF-8"?>
<project-private xmlns="http://www.netbeans.org/ns/project-private/1">
    <editor-bookmarks xmlns="http://www.netbeans.org/ns/editor-bookmarks/2" lastBookmarkId="0"/>
    <open-files xmlns="http://www.netbeans.org/ns/projectui-open-files/2">
        <group>
            <file>file:/C:/Users/longhitano.stefano/Documents/NetBeansProjects/TPS%2009-11-19/src/tps/pkg09/pkg11/pkg19/Hi.java</file>
            <file>file:/C:/Users/longhitano.stefano/Documents/NetBeansProjects/TPS%2009-11-19/src/tps/pkg09/pkg11/pkg19/TPS091119.java</file>
            <file>file:/C:/Users/longhitano.stefano/Documents/NetBeansProjects/TPS%2009-11-19/src/tps/pkg09/pkg11/pkg19/Hello.java</file>
        </group>
    </open-files>
</project-private>
